Star Wars;A-wing
Star Wars;AT-AT
Star Wars;A Forest Apart
Star Wars;Aaron Allston
Star Wars;Academy Awards
Star Wars;Acquire
Star Wars;Activision Blizzard
Star Wars;Adam Driver
Star Wars;Admiral Ackbar
Star Wars;Admiral Piett
Star Wars;Adolf Hitler
Star Wars;Adventure game
Star Wars;Agents of Chaos: Hero's Trial
Star Wars;Agents of Chaos: Jedi Eclipse
Star Wars;Aggravation (board game)
Star Wars;Ahsoka (TV series)
Star Wars;Ahsoka Tano
Star Wars;Air Bud (series)
Star Wars;Aladdin (franchise)
Star Wars;Alan Dean Foster
Star Wars;Alden Ehrenreich
Star Wars;Alderaan
Star Wars;Alex Raymond
Star Wars;Alice in Wonderland (franchise)
Star Wars;Alien (film)
Star Wars;Alien (franchise)
Star Wars;Alien Nation
Star Wars;Alien vs. Predator
Star Wars;Aliens (film)
Star Wars;All Things Considered
Star Wars;Allegiance (novel)
Star Wars;Allison Shearmur
Star Wars;American Broadcasting Company
Star Wars;American Graffiti
Star Wars;American Zoetrope
Star Wars;Amphibia (TV series)
Star Wars;Anakin Skywalker
Star Wars;Anchor
Star Wars;Andor (TV series)
Star Wars;Angry Birds
Star Wars;Angry Birds Star Wars
Star Wars;Angry Birds Star Wars II
Star Wars;Annie Hall
Star Wars;Anthony Breznican
Star Wars;Anthony Daniels
Star Wars;Anyone Lived in a Pretty How Town (film)
Star Wars;Arbitration
Star Wars;Arcade game
Star Wars;Archetype Entertainment
Star Wars;Architecture of Star Wars
Star Wars;Asajj Ventress
Star Wars;Aspyr
Star Wars;Atari
Star Wars;Atlantis (franchise)
Star Wars;Atton Rand
Star Wars;Audio drama
Star Wars;Audiovisual
Star Wars;Augmented reality
Star Wars;Auto Assembly
Star Wars;Avalon Hill
Star Wars;Avatar (franchise)
Star Wars;Axis & Allies
Star Wars;B-wing
Star Wars;Baby Alive
Star Wars;Back Issue!
Star Wars;Backstroke of the West
Star Wars;Bail Organa
Star Wars;Balance Point
Star Wars;Bantam Books
Star Wars;Bantam Spectra
Star Wars;Bantha
Star Wars;Barrel of Monkeys
Star Wars;Bastila Shan
Star Wars;Battle Droid
Star Wars;Battleship (game)
Star Wars;Bauer Media Group
Star Wars;Beauty and the Beast (franchise)
Star Wars;Behind Enemy Lines (film series)
Star Wars;Ben & Holly's Little Kingdom
Star Wars;Ben Burtt
Star Wars;Beverly Hills Chihuahua (film series)
Star Wars;Beyblade
Star Wars;Bib Fortuna
Star Wars;Big Bad Beetleborgs
Star Wars;Billy Dee Williams
Star Wars;BioWare
Star Wars;Blade Runner
Star Wars;Blank: A Vinylmation Love Story
Star Wars;Blaster (Star Wars)
Star Wars;Blockbuster (entertainment)
Star Wars;Blythe (doll)
Star Wars;Bo-Katan Kryze
Star Wars;Boba Fett
Star Wars;Bodhi Rook
Star Wars;Boggle
Star Wars;Bop It
Star Wars;Boston Museum of Science
Star Wars;BotCon
Star Wars;Boulder Media
Star Wars;Bounty hunter
Star Wars;Boxoffice Pro
Star Wars;Brand licensing
Star Wars;Brian Daley
Star Wars;Broken Allegiance
Star Wars;Bruce Vilanch
Star Wars;Bryan Burk
Star Wars;Buckaroo!
Star Wars;Buena Vista Records
Star Wars;Buffyverse
Star Wars;Business Wire
Star Wars;Byte (magazine)
Star Wars;CBS
Star Wars;Cad Bane
Star Wars;Cal Kestis
Star Wars;Callista trilogy
Star Wars;Campus radio
Star Wars;Candy Land
Star Wars;Captain EO
Star Wars;Captain Phasma
Star Wars;Captain Rex
Star Wars;Cara Dune
Star Wars;Caravan of Courage: An Ewok Adventure
Star Wars;Carrie Fisher
Star Wars;Cars (franchise)
Star Wars;Carth Onasi
Star Wars;Cartoon Network
Star Wars;Casey Hudson
Star Wars;Cassette tape
Star Wars;Cassian Andor
Star Wars;Catalyst: A Rogue One Novel
Star Wars;Catch Phrase (game)
Star Wars;Catherine Winder
Star Wars;Chad Vader: Day Shift Manager
Star Wars;Chancellor
Star Wars;Changes in Star Wars re-releases
Star Wars;Cheaper by the Dozen (franchise)
Star Wars;Chewbacca
Star Wars;Chewbacca defense
Star Wars;Chicago Tribune
Star Wars;Chip 'n Dale: Rescue Rangers (TV series)
Star Wars;Chivalry
Star Wars;Chosen One (Star Wars)
Star Wars;Chris Avellone
Star Wars;Chris Terrio
Star Wars;Chris Weitz
Star Wars;Christianity
Star Wars;Christopher Nolan
Star Wars;Cinderella (franchise)
Star Wars;Cinema of the United States
Star Wars;CirKis
Star Wars;Citizen Kane
Star Wars;Classic Creatures: Return of the Jedi
Star Wars;Classical Hollywood cinema
Star Wars;Claudia Gray
Star Wars;Cloak of Deception
Star Wars;Clone Wars (Star Wars)
Star Wars;Clone trooper
Star Wars;Clone troopers
Star Wars;Club Penguin (franchise)
Star Wars;Cluedo
Star Wars;Cobb Vanth
Star Wars;Colin Trevorrow
Star Wars;Collider (website)
Star Wars;Comic Book Resources
Star Wars;Comics Alliance
Star Wars;Comics Buyer's Guide
Star Wars;Compact disc
Star Wars;Comparative mythologist
Star Wars;Comparison of Star Trek and Star Wars
Star Wars;Condé Nast
Star Wars;Confederation
Star Wars;Connect Four
Star Wars;Copyright
Star Wars;Coruscant
Star Wars;Coruscant Nights
Star Wars;Count Dooku
Star Wars;Coup d'état
Star Wars;Cranium (board game)
Star Wars;Crazy Watto
Star Wars;Crimson Empire
Star Wars;Crocodile Dentist
Star Wars;Crucible (Star Wars novel)
Star Wars;Cultural impact of Star Wars
Star Wars;Cupcake & Dino: General Services
Star Wars;Cutscene
Star Wars;Dagobah
Star Wars;Daisy Ridley
Star Wars;Damon Lindelof
Star Wars;Dark Empire
Star Wars;Dark Forces (comic)
Star Wars;Dark Horse Comics
Star Wars;Dark Journey (novel)
Star Wars;Dark Lord: The Rise of Darth Vader
Star Wars;Dark Resurrection
Star Wars;Dark Tide: Onslaught
Star Wars;Dark Tide: Ruin
Star Wars;Darkwing Duck
Star Wars;Darth Bane
Star Wars;Darth Maul
Star Wars;Darth Maul: Apprentice
Star Wars;Darth Maul: Son of Dathomir
Star Wars;Darth Plagueis
Star Wars;Darth Vader
Star Wars;Darth Vader's Psychic Hotline
Star Wars;Dave Filoni
Star Wars;Dave Wolverton
Star Wars;David Fincher
Star Wars;Deadline Hollywood
Star Wars;Dean Devlin
Star Wars;Death Star
Star Wars;Death Star (business)
Star Wars;Death Star (novel)
Star Wars;Death Troopers
Star Wars;Decipher, Inc.
Star Wars;Del Rey Books
Star Wars;Democracy
Star Wars;Den of Geek
Star Wars;Derek Connolly
Star Wars;Descendants (franchise)
Star Wars;Designer's World
Star Wars;Destiny's Way
Star Wars;Detachment (philosophy)
Star Wars;Devil in Christianity
Star Wars;Dexter Riley (film series)
Star Wars;Diary of a Wimpy Kid (film series)
Star Wars;Dictatorship
Star Wars;Die Hard (film series)
Star Wars;Diego Luna
Star Wars;Digital Spy
Star Wars;Dinosaurs (TV series)
Star Wars;Discovery Family
Star Wars;Disney
Star Wars;Disney's Activity Center
Star Wars;Disney's Animated Storybook
Star Wars;Disney's Hollywood Studios
Star Wars;Disney's Print Studio
Star Wars;Disney+
Star Wars;Disney Branded Television
Star Wars;Disney Channel
Star Wars;Disney Comics (publishing)
Star Wars;Disney Consumer Products
Star Wars;Disney English
Star Wars;Disney Fairies
Star Wars;Disney Hyperion
Star Wars;Disney Infinity
Star Wars;Disney Interactive
Star Wars;Disney Interactive Studios
Star Wars;Disney Junior
Star Wars;Disney Magic Kingdoms
Star Wars;Disney Mobile
Star Wars;Disney Parks, Experiences, and Products
Star Wars;Disney Parks, Experiences and Products
Star Wars;Disney Press
Star Wars;Disney Princess
Star Wars;Disney Publishing Worldwide
Star Wars;Disney Store
Star Wars;Disney Tsum Tsum
Star Wars;Disney Vault
Star Wars;Disney Wish
Star Wars;Disney XD
Star Wars;Disney comics
Star Wars;Disneyland
Star Wars;Disneyland Park (Paris)
Star Wars;Disneytoon Studios
Star Wars;Doctor Aphra
Star Wars;Dogfight
Star Wars;Doi (identifier)
Star Wars;DokiDoki! PreCure
Star Wars;Donald Duck universe
Star Wars;Donald F. Glut
Star Wars;Drew Karpyshyn
Star Wars;Droid (Star Wars)
Star Wars;Droid (robot)
Star Wars;Duality (film)
Star Wars;Duel of the Fates
Star Wars;Dungeons & Dragons
Star Wars;Easy-Bake Oven
Star Wars;Edgar Rice Burroughs
Star Wars;Edge of Victory: Conquest
Star Wars;Edge of Victory: Rebirth
Star Wars;EditDroid
Star Wars;Edutopia
Star Wars;Electronic Arts
Star Wars;Elefun
Star Wars;Elena of Avalor
Star Wars;Emperor
Star Wars;Empire (film magazine)
Star Wars;Empire of Dreams: The Story of the Star Wars Trilogy
Star Wars;Endor (Star Wars)
Star Wars;Enemy Lines: Rebel Dream
Star Wars;Enemy Lines: Rebel Stand
Star Wars;Entertainment One
Star Wars;Entertainment Weekly
Star Wars;Epic film
Star Wars;Episode IX: The Rise of Skywalker
Star Wars;Episode VII: The Force Awakens
Star Wars;Episode VIII: The Last Jedi
Star Wars;ErosSTX
Star Wars;Esquire (magazine)
Star Wars;Ewan McGregor
Star Wars;Ewok
Star Wars;Ewok Celebration
Star Wars;Ewoks: The Battle for Endor
Star Wars;Ewoks (TV series)
Star Wars;Ewoks (soundtrack)
Star Wars;ExtraTERRORestrial Alien Encounter
Star Wars;Ezra Bridger
Star Wars;Family Guy (franchise)
Star Wars;Fan fiction
Star Wars;Fan film
Star Wars;Fantasia (franchise)
Star Wars;Fate of the Jedi
Star Wars;Father figure
Star Wars;Felicity Jones
Star Wars;Fennec Shand
Star Wars;Fictional universe
Star Wars;Film serial
Star Wars;Filmmaker (film)
Star Wars;Finding Nemo (franchise)
Star Wars;Finn (Star Wars)
Star Wars;Firearm
Star Wars;Firefly (franchise)
Star Wars;First-person shooter
Star Wars;First Order (Star Wars)
Star Wars;Flash Gordon
Star Wars;Flash Gordon (serial)
Star Wars;Flubber (franchise)
Star Wars;Force Heretic: Refugee
Star Wars;Force Heretic: Remnant
Star Wars;Force Heretic: Reunion
Star Wars;Force Trainer
Star Wars;Fortnite Battle Royale
Star Wars;FoxNext
Star Wars;Free-to-play
Star Wars;Freiheit (film)
Star Wars;From Star Wars to Jedi: The Making of a Saga
Star Wars;Frozen (franchise)
Star Wars;FurReal Friends
Star Wars;Furby
Star Wars;Führer
Star Wars;G.I. Joe
Star Wars;Galactic Empire (Star Wars)
Star Wars;Galactic Republic
Star Wars;Galaxy of Fear
Star Wars;Galoob
Star Wars;GameRankings
Star Wars;GameSpot
Star Wars;GameSpy
Star Wars;Game Boy Advance
Star Wars;Game engine
Star Wars;Gangsters
Star Wars;Gareth Edwards (director)
Star Wars;Garsa Fwip
Star Wars;Gary Kurtz
Star Wars;Gary Whitta
Star Wars;Gator Golf
Star Wars;General Grievous
Star Wars;General Hux
Star Wars;George Lucas
Star Wars;George Lucas bibliography
Star Wars;George Lucas filmography
Star Wars;George Lucas in Love
Star Wars;George Miller (director)
Star Wars;Ghostbusters (franchise)
Star Wars;Ghostwriter
Star Wars;Gilad Pellaeon
Star Wars;Girl Talk (board game)
Star Wars;Glo Worm
Star Wars;Gobots
Star Wars;Good Morning America
Star Wars;Grand Admiral Thrawn
Star Wars;Grand Comics Database
Star Wars;Grand Inquisitor (Star Wars)
Star Wars;Grand Moff Tarkin
Star Wars;Graphic novel
Star Wars;Gravity Falls
Star Wars;Great Jedi Purge
Star Wars;Greedo
Star Wars;Greef Karga
Star Wars;Grogu
Star Wars;Guardians of the Whills
Star Wars;Guess Who?
Star Wars;Gungan
Star Wars;Halloweentown (film series)
Star Wars;Han Solo
Star Wars;Han Solo: A Smuggler's Trade
Star Wars;Han shot first
Star Wars;Hanazuki: Full of Treasures
Star Wars;Hannah Montana
Star Wars;Hardware Wars
Star Wars;Harmy's Despecialized Edition
Star Wars;Harrison Ford
Star Wars;Hasbro
Star Wars;Hasbro Comic Book Universe
Star Wars;Hasbro Family Game Night
Star Wars;Hasbro Universe
Star Wars;Hayden Christensen
Star Wars;Hearst Communications
Star Wars;Heir to the Empire
Star Wars;Henry Gilroy
Star Wars;Herbie (film)
Star Wars;Herbie (franchise)
Star Wars;Hercules (franchise)
Star Wars;Hermann Hoth
Star Wars;Hero's journey
Star Wars;Hi Ho! Cherry-O
Star Wars;High-concept
Star Wars;High School Musical (franchise)
Star Wars;HitFix
Star Wars;Hollywood.com
Star Wars;Hollywood Pictures
Star Wars;Holography
Star Wars;Home Alone (franchise)
Star Wars;Home consoles
Star Wars;Honey, I Shrunk the Kids (franchise)
Star Wars;Hong Kong Disneyland
Star Wars;Hostage Crisis (Star Wars: The Clone Wars)
Star Wars;Hoth
Star Wars;How the Sith Stole Christmas
Star Wars;Howard Kazanjian
Star Wars;Howard Roffman
Star Wars;Howard the Duck (film)
Star Wars;Human
Star Wars;Humanoid
Star Wars;Hungry Hungry Hippos
Star Wars;Hutt (Star Wars)
Star Wars;Hyperspace
Star Wars;I, Jedi
Star Wars;IDog
Star Wars;IGN
Star Wars;IGN Entertainment
Star Wars;ISBN (identifier)
Star Wars;ISSN (identifier)
Star Wars;I Am Your Father
Star Wars;Ian Bogost
Star Wars;Ian Bryce
Star Wars;Ian McDiarmid
Star Wars;Ice Age (franchise)
Star Wars;Idaten Jump
Star Wars;Iden Versio
Star Wars;Illusion (video game series)
Star Wars;Inception
Star Wars;Independence Day (franchise)
Star Wars;Indiana Jones
Star Wars;Indiana Jones (franchise)
Star Wars;Indiana Jones and the Kingdom of the Crystal Skull
Star Wars;Indiana Jones and the Last Crusade
Star Wars;Indiana Jones and the Temple of Doom
Star Wars;Industrial Light & Magic
Star Wars;Inspector Gadget
Star Wars;Intellectual property
Star Wars;Intergalactic Krewe of Chewbacchus
Star Wars;Inverse (website)
Star Wars;Irony
Star Wars;Irvin Kershner
Star Wars;J. D. Dillard
Star Wars;J. J. Abrams
Star Wars;Jabba the Hutt
Star Wars;Jacen Solo
Star Wars;Jake Lloyd
Star Wars;Jakku
Star Wars;James Cameron
Star Wars;James Earl Jones
Star Wars;James Kahn
Star Wars;James Ohlen
Star Wars;Jango Fett
Star Wars;Jango Fett: Open Seasons
Star Wars;Japanese armour
Star Wars;Jar Jar Binks
Star Wars;Jaws (film)
Star Wars;Jay Rasulo
Star Wars;Jedi
Star Wars;Jedi (game engine)
Star Wars;Jedi Academy trilogy
Star Wars;Jedi Apprentice: Deceptions
Star Wars;Jedi Apprentice: The Followers
Star Wars;Jedi Council: Acts of War
Star Wars;Jedi Prince series
Star Wars;Jedi Quest
Star Wars;Jedi Training: Trials of the Temple
Star Wars;Jedi Training Academy
Star Wars;Jedi Trial
Star Wars;Jedi census phenomenon
Star Wars;Jedi vs. Sith
Star Wars;Jediism
Star Wars;Jem (TV series)
Star Wars;Jenga
Star Wars;Jesus
Star Wars;Jim Shooter
Star Wars;John Boyega
Star Wars;John Carter of Mars
Star Wars;John Jackson Miller
Star Wars;John Knoll
Star Wars;John Korty
Star Wars;John Lasseter
Star Wars;John Madden (director)
Star Wars;John Powell (film composer)
Star Wars;John Seabrook
Star Wars;John Singleton
Star Wars;John Williams
Star Wars;Jonathan Hales
Star Wars;Jonathan Kasdan
Star Wars;Joseph Campbell
Star Wars;Joss Whedon
Star Wars;Journey to Star Wars
Star Wars;Jude Watson
Star Wars;Juhani (Star Wars)
Star Wars;Julius Caesar
Star Wars;Julius Jr.
Star Wars;Jungian archetypes
Star Wars;Jurassic Park
Star Wars;Jyn Erso
Star Wars;KUSC-FM
Star Wars;Kanan Jarrus
Star Wars;Kathleen Kennedy (producer)
Star Wars;Ken and Jim Wheats
Star Wars;Kenner Products
Star Wars;Kenner Star Wars action figures
Star Wars;Kerner Optical
Star Wars;Kerry O'Quinn
Star Wars;Kessel (Star Wars)
Star Wars;Kessel (cauldron)
Star Wars;Kevin Feige
Star Wars;Kevin J. Anderson
Star Wars;Kevin Smith
Star Wars;Kim Possible
Star Wars;Kinect Star Wars
Star Wars;Kingdom Hearts
Star Wars;Kingsman (franchise)
Star Wars;Kirkus Reviews
Star Wars;Knighthood
Star Wars;Knightquest
Star Wars;Koosh ball
Star Wars;Kre-O
Star Wars;Kreia
Star Wars;Krysty Wilson-Cairns
Star Wars;Kuiil
Star Wars;Kyle Katarn
Star Wars;Kylo Ren
Star Wars;L. Neil Smith
Star Wars;LP record
Star Wars;Labyrinth of Evil
Star Wars;Lando (TV series)
Star Wars;Lando Calrissian
Star Wars;Landspeeder
Star Wars;Languages in Star Wars
Star Wars;Latino (film)
Star Wars;Laugh It Up, Fuzzball: The Family Guy Trilogy
Star Wars;Lawrence Kasdan
Star Wars;Lazer Tag
Star Wars;Legacy of the Force
Star Wars;Lego
Star Wars;Lego Star Wars
Star Wars;Lego Star Wars: Bombad Bounty
Star Wars;Lego Star Wars: Droid Tales
Star Wars;Lego Star Wars: Revenge of the Brick
Star Wars;Lego Star Wars: The Complete Saga
Star Wars;Lego Star Wars: The Force Awakens
Star Wars;Lego Star Wars: The Freemaker Adventures
Star Wars;Lego Star Wars: The Resistance Rises
Star Wars;Lego Star Wars: The Skywalker Saga
Star Wars;Lego Star Wars: The Video Game
Star Wars;Lego Star Wars (video game series)
Star Wars;Lego Star Wars II: The Original Trilogy
Star Wars;Lego Star Wars III: The Clone Wars
Star Wars;Leigh Brackett
Star Wars;Lenovo
Star Wars;Library of Congress
Star Wars;Lightsaber
Star Wars;Lightspeed
Star Wars;Lilo & Stitch (franchise)
Star Wars;List of Disney villain characters
Star Wars;List of Entertainment One television programs
Star Wars;List of Hasbro games
Star Wars;List of Hasbro toys
Star Wars;List of Kenner Star Wars action figures
Star Wars;List of Lego Star Wars sets
Star Wars;List of Marvel Legends Hasbro action figures
Star Wars;List of Marvel Legends exclusive action figures
Star Wars;List of Pirates of the Caribbean video games
Star Wars;List of Punisher video games
Star Wars;List of Robot Chicken episodes
Star Wars;List of Star Wars: Knights of the Old Republic characters
Star Wars;List of Star Wars: The Clone Wars cast members
Star Wars;List of Star Wars: The Clone Wars episodes
Star Wars;List of Star Wars Legends characters
Star Wars;List of Star Wars Rebels characters
Star Wars;List of Star Wars Rebels episodes
Star Wars;List of Star Wars air, aquatic, and ground vehicles
Star Wars;List of Star Wars artists
Star Wars;List of Star Wars books
Star Wars;List of Star Wars characters
Star Wars;List of Star Wars comic books
Star Wars;List of Star Wars creatures
Star Wars;List of Star Wars film actors
Star Wars;List of Star Wars filming locations
Star Wars;List of Star Wars films
Star Wars;List of Star Wars planets and moons
Star Wars;List of Star Wars reference books
Star Wars;List of Star Wars spacecraft
Star Wars;List of Star Wars species (A–E)
Star Wars;List of Star Wars species (F–J)
Star Wars;List of Star Wars species (K–O)
Star Wars;List of Star Wars species (P–T)
Star Wars;List of Star Wars species (U–Z)
Star Wars;List of Star Wars starfighters
Star Wars;List of Star Wars television series
Star Wars;List of Star Wars television series actors
Star Wars;List of Star Wars theme parks attractions
Star Wars;List of Star Wars video games
Star Wars;List of Star Wars weapons
Star Wars;List of The Book of Boba Fett characters
Star Wars;List of The Mandalorian characters
Star Wars;List of The Muppets productions
Star Wars;List of The Simpsons video games
Star Wars;List of X-Men video games
Star Wars;List of accolades received by Star Wars: The Force Awakens
Star Wars;List of accolades received by Star Wars (film franchise)
Star Wars;List of accolades received by The Mandalorian
Star Wars;List of awards and nominations received by George Lucas
Star Wars;List of comics based on Hasbro properties
Star Wars;List of films based on Hasbro properties
Star Wars;List of highest-grossing films
Star Wars;List of highest-grossing media franchises
Star Wars;List of organisms named after the Star Wars series
Star Wars;List of space science fiction franchises
Star Wars;List of video games featuring the Hulk
Star Wars;Lists of Star Wars cast members
Star Wars;Lite-Brite
Star Wars;Little Golden Books
Star Wars;Littlest Pet Shop
Star Wars;Look at Life (film)
Star Wars;LucasArts
Star Wars;Lucasfilm
Star Wars;Lucasfilm Animation
Star Wars;Lucasfilm Games
Star Wars;Ludwig Göransson
Star Wars;Luke Skywalker
Star Wars;Luke Skywalker and the Shadows of Mindor
Star Wars;Luna Petunia
Star Wars;M*A*S*H
Star Wars;M.A.S.K.
Star Wars;Mace Windu
Star Wars;Magic: The Gathering
Star Wars;Maleficent (film series)
Star Wars;Mall Madness
Star Wars;Mandalorian
Star Wars;Mandalorians
Star Wars;Maniac Mansion
Star Wars;Maniac Mansion (TV series)
Star Wars;Mara Jade
Star Wars;Mark Hamill
Star Wars;MarketWatch
Star Wars;Marvel Cinematic Universe
Star Wars;Marvel Comics
Star Wars;Marvel Entertainment
Star Wars;Marvel Games
Star Wars;Marvel Legends
Star Wars;Marvel Press
Star Wars;Marvel Studios
Star Wars;Marvel Super Hero Squad
Star Wars;Marvel Television
Star Wars;Marvel Universe
Star Wars;Marvel Universe (toyline)
Star Wars;Marvel comics
Star Wars;Marvel vs. Capcom
Star Wars;Massively multiplayer online game
Star Wars;Massively multiplayer online role-playing game
Star Wars;Matthew Robinson (writer)
Star Wars;Maul (Star Wars)
Star Wars;Max Rebo Band
Star Wars;May the Force be with you
Star Wars;Mayfeld
Star Wars;Maz Kanata
Star Wars;Maze Runner (film series)
Star Wars;MedStar duology
Star Wars;Media franchise
Star Wars;Messiah
Star Wars;Michael Arndt
Star Wars;Michael Giacchino
Star Wars;Michael Stackpole
Star Wars;Michelle Rejwan
Star Wars;Mickey Mouse (film series)
Star Wars;Mickey Mouse universe
Star Wars;Micronauts
Star Wars;Mighty Muggs
Star Wars;Migs Mayfeld
Star Wars;Military order (religious society)
Star Wars;Millennium Falcon
Star Wars;Millennium Falcon (novel)
Star Wars;Milton (game)
Star Wars;Miraculous birth
Star Wars;Mishima: A Life in Four Chapters
Star Wars;Mission Vao
Star Wars;Mission from Mount Yoda
Star Wars;MobyGames
Star Wars;Mockumentary
Star Wars;Moff Gideon
Star Wars;Monkey Island
Star Wars;Monopoly (game)
Star Wars;Monopoly Star Wars
Star Wars;Monsters, Inc. (franchise)
Star Wars;More American Graffiti
Star Wars;Mos Eisley
Star Wars;Mouse Trap (game)
Star Wars;MovieWeb
Star Wars;Movie Battles
Star Wars;Mr. Potato Head
Star Wars;Mulan (franchise)
Star Wars;Multimedia franchise
Star Wars;Music of Star Wars
Star Wars;Mustafar
Star Wars;My Little Pony
Star Wars;My Pet Monster
Star Wars;Mystery Date (game)
Star Wars;Mystic Knights of Tir Na Nog
Star Wars;NBCUniversal
Star Wars;NPR
Star Wars;Naboo
Star Wars;Napoleon Bonaparte
Star Wars;Natalie Portman
Star Wars;National Film Registry
Star Wars;National Geographic Partners
Star Wars;National Geographic Society
Star Wars;National Treasure (franchise)
Star Wars;Nazi Germany
Star Wars;Nazi Party
Star Wars;Nerf
Star Wars;Nerf Blaster
Star Wars;Netflix
Star Wars;New Hollywood
Star Wars;New Republic (Star Wars)
Star Wars;Newsarama
Star Wars;Nickelodeon
Star Wars;Nien Nunb
Star Wars;Night at the Museum (franchise)
Star Wars;Night of the Long Knives
Star Wars;Nintendo Entertainment System
Star Wars;Novelization
Star Wars;Nute Gunray
Star Wars;Obi-Wan Kenobi
Star Wars;Obi-Wan Kenobi (TV series)
Star Wars;Obsidian Entertainment
Star Wars;Operation (game)
Star Wars;Origin story
Star Wars;Original trilogy
Star Wars;Orson Krennic
Star Wars;Oscar Isaac
Star Wars;Ouija
Star Wars;Overwatch (video game)
Star Wars;PC Gamer
Star Wars;PJ Masks
Star Wars;PMID (identifier)
Star Wars;Padmé Amidala
Star Wars;Palpatine
Star Wars;Parcheesi
Star Wars;Parker Brothers
Star Wars;Parody
Star Wars;Pat & Stan
Star Wars;Pat Proft
Star Wars;Patty Jenkins
Star Wars;Paz Vizsla
Star Wars;Peppa Pig
Star Wars;Percy Jackson (film series)
Star Wars;Perfection (board game)
Star Wars;Peter Biskind
Star Wars;Peter Jackson
Star Wars;Peter Pan (franchise)
Star Wars;Phineas and Ferb
Star Wars;Physics and Star Wars
Star Wars;Pink Five
Star Wars;Pink Five Strikes Back
Star Wars;Pirates of the Caribbean
Star Wars;Pirates of the Caribbean (film series)
Star Wars;Pit (game)
Star Wars;Pixar
Star Wars;Pizzazz (magazine)
Star Wars;Planes (franchise)
Star Wars;Planet of the Apes
Star Wars;Plastic Galaxy
Star Wars;Platform game
Star Wars;Play-Doh
Star Wars;Playdom
Star Wars;Playskool
Star Wars;Plot twist
Star Wars;Pocahontas (franchise)
Star Wars;Poe Dameron
Star Wars;Political science
Star Wars;PopMatters
Star Wars;Popples
Star Wars;Popular culture
Star Wars;Pound Puppies
Star Wars;Power Rangers
Star Wars;Precognition
Star Wars;Predator (franchise)
Star Wars;Prequel trilogy
Star Wars;Prince Isolder
Star Wars;Prince Xizor
Star Wars;Princess Leia
Star Wars;Production company
Star Wars;Project Ragtag
Star Wars;Prophets of the Dark Side
Star Wars;Psychokinesis
Star Wars;Psychopathology
Star Wars;Purge (comic book)
Star Wars;Qi'ra
Star Wars;Quartz (publication)
Star Wars;Queen of the Empire
Star Wars;Qui-Gon & Obi-Wan
Star Wars;Qui-Gon Jinn
Star Wars;Racing the Beam
Star Wars;Radioland Murders
Star Wars;Raiders of the Lost Ark
Star Wars;Rail shooter
Star Wars;Ram Bergman
Star Wars;Raster graphics
Star Wars;Ratlines (World War II aftermath)
Star Wars;Rebecca Moesta
Star Wars;Rebel Alliance
Star Wars;Rebel Legion
Star Wars;Rebel Scum (film)
Star Wars;Recess (TV series)
Star Wars;Recovery (novel)
Star Wars;Red Tails
Star Wars;Ren (Star Wars)
Star Wars;Resistance (Star Wars)
Star Wars;Retro Gamer
Star Wars;Return of Pink Five
Star Wars;Return of the Jedi
Star Wars;Return of the Jedi: Death Star Battle
Star Wars;Return of the Jedi (comic)
Star Wars;Return of the Jedi (novel)
Star Wars;Return of the Jedi (soundtrack)
Star Wars;Revan
Star Wars;Revenge of the Nerds (film series)
Star Wars;Rey (Star Wars)
Star Wars;Rian Johnson
Star Wars;Richard Marquand
Star Wars;Richard Nixon
Star Wars;Rick McCallum
Star Wars;Ricky Zoom
Star Wars;Ridley Scott
Star Wars;Risk: Star Wars Original Trilogy Edition
Star Wars;Risk (game)
Star Wars;Robot
Star Wars;Robot Chicken: Star Wars
Star Wars;Rod Warren
Star Wars;Roger Ebert
Star Wars;Rogue One
Star Wars;Rogue One: A Star Wars Story (novel)
Star Wars;Rogue Planet (novel)
Star Wars;Rogue Squadron
Star Wars;Roland Emmerich
Star Wars;Role-playing game
Star Wars;Rolling Stone
Star Wars;Rom the Space Knight
Star Wars;Roman Empire
Star Wars;Roman Republic
Star Wars;Ron Howard
Star Wars;Rook (card game)
Star Wars;Rose Tico
Star Wars;Routine Valor
Star Wars;Rowman & Littlefield
Star Wars;Rubik's Cube
Star Wars;Ryan vs. Dorkman
Star Wars;SP FX: The Empire Strikes Back
Star Wars;SUDOC (identifier)
Star Wars;Saban Capital Group
Star Wars;Sandcrawler
Star Wars;Sarlacc
Star Wars;Saving Star Wars
Star Wars;Saw Gerrera
Star Wars;Scattergories
Star Wars;Schutzstaffel
Star Wars;Science-fiction film
Star Wars;Science of Star Wars (miniseries)
Star Wars;Scrabble
Star Wars;Screen Rant
Star Wars;Searchlight Pictures
Star Wars;Sequel trilogy
Star Wars;Servants of the Empire
Star Wars;Sesame Street
Star Wars;Shadow (psychology)
Star Wars;Shadow Dawn
Star Wars;Shadow Moon (novel)
Star Wars;Shadow Star (novel)
Star Wars;Shanghai Disneyland Park
Star Wars;Shatterpoint
Star Wars;Shepperton Design Studios
Star Wars;Shmi Skywalker
Star Wars;Shrek
Star Wars;Sid the Science Kid
Star Wars;Silly Symphony
Star Wars;Simon & Schuster
Star Wars;Simon (game)
Star Wars;Sister Act (franchise)
Star Wars;Sit 'n Spin
Star Wars;Sith
Star Wars;Sith Apprentice
Star Wars;Skywalker Ranch
Star Wars;Skywalker Saga
Star Wars;Skywalker Sound
Star Wars;Skywalker family
Star Wars;Slate (magazine)
Star Wars;Slavery
Star Wars;Sleeping Beauty (franchise)
Star Wars;Smile PreCure!
Star Wars;Smuggling
Star Wars;Snakes and Ladders
Star Wars;Snow White (franchise)
Star Wars;Solo: A Star Wars Story
Star Wars;Solo: A Star Wars Story (soundtrack)
Star Wars;Sony Pictures
Star Wars;Sorry! (game)
Star Wars;SoundDroid
Star Wars;Space-opera
Star Wars;Space Janitors
Star Wars;Space Mountain
Star Wars;Space flight simulation game
Star Wars;Space opera
Star Wars;Space simulator
Star Wars;Space station
Star Wars;Spaceballs
Star Wars;Spaceflight
Star Wars;Special effects of The Empire Strikes Back
Star Wars;Spectrobes
Star Wars;Speeder bike
Star Wars;Spider-Man Classics
Star Wars;Spider-Man in television
Star Wars;Spider-Man in video games
Star Wars;Spirograph
Star Wars;Splinter of the Mind's Eye
Star Wars;Splinter of the Mind's Eye (comic)
Star Wars;Stahlhelm
Star Wars;Star Comics
Star Wars;Star Destroyer
Star Wars;Star Dudes
Star Wars;Star Tours
Star Wars;Star Tours: The Adventures Continue
Star Wars;Star Tours – The Adventures Continue
Star Wars;Star Wars: A Galactic Spectacular
Star Wars;Star Wars: A New Dawn
Star Wars;Star Wars: Aftermath
Star Wars;Star Wars: Agent of the Empire
Star Wars;Star Wars: Ahsoka
Star Wars;Star Wars: Alphabet Squadron
Star Wars;Star Wars: Attack Squadrons
Star Wars;Star Wars: Battlefront
Star Wars;Star Wars: Bloodline
Star Wars;Star Wars: Bounty Hunter
Star Wars;Star Wars: Captain Phasma
Star Wars;Star Wars: Clone Wars (comics)
Star Wars;Star Wars: Clone Wars Gambit: Stealth
Star Wars;Star Wars: Crosscurrent
Star Wars;Star Wars: Dark Disciple
Star Wars;Star Wars: Dark Forces
Star Wars;Star Wars: Dark Times
Star Wars;Star Wars: Darth Bane: Dynasty of Evil
Star Wars;Star Wars: Darth Bane: Path of Destruction
Star Wars;Star Wars: Darth Bane: Rule of Two
Star Wars;Star Wars: Darth Vader
Star Wars;Star Wars: Dawn of the Jedi
Star Wars;Star Wars: Demolition
Star Wars;Star Wars: Doctor Aphra
Star Wars;Star Wars: Droid Works
Star Wars;Star Wars: Droids
Star Wars;Star Wars: Droids (comic)
Star Wars;Star Wars: Droids (video game)
Star Wars;Star Wars: Duel of the Fates
Star Wars;Star Wars: Empire
Star Wars;Star Wars: Empire at War
Star Wars;Star Wars: Empire at War: Forces of Corruption
Star Wars;Star Wars: Episode III – Revenge of the Sith
Star Wars;Star Wars: Episode III – Revenge of the Sith (novel)
Star Wars;Star Wars: Episode III – Revenge of the Sith (soundtrack)
Star Wars;Star Wars: Episode III – Revenge of the Sith (video game)
Star Wars;Star Wars: Episode II – Attack of the Clones
Star Wars;Star Wars: Episode II – Attack of the Clones (novel)
Star Wars;Star Wars: Episode II – Attack of the Clones (soundtrack)
Star Wars;Star Wars: Episode II – Attack of the Clones (video game)
Star Wars;Star Wars: Episode I – The Phantom Menace
Star Wars;Star Wars: Episode I – The Phantom Menace (novel)
Star Wars;Star Wars: Episode I – The Phantom Menace (soundtrack)
Star Wars;Star Wars: Episode I – The Phantom Menace (video game)
Star Wars;Star Wars: Ewoks
Star Wars;Star Wars: Ewoks (comic)
Star Wars;Star Wars: Flight of the Falcon
Star Wars;Star Wars: Force Arena
Star Wars;Star Wars: Force Commander
Star Wars;Star Wars: Force for Change
Star Wars;Star Wars: From the Adventures of Luke Skywalker
Star Wars;Star Wars: Galactic Battlegrounds
Star Wars;Star Wars: Galactic Starcruiser
Star Wars;Star Wars: Galaxy's Edge
Star Wars;Star Wars: Galaxy's Edge: Black Spire
Star Wars;Star Wars: Galaxy of Heroes
Star Wars;Star Wars: Heir to the Jedi
Star Wars;Star Wars: In Concert
Star Wars;Star Wars: Into the Dark
Star Wars;Star Wars: Invasion
Star Wars;Star Wars: Jedi
Star Wars;Star Wars: Jedi Apprentice
Star Wars;Star Wars: Jedi Arena
Star Wars;Star Wars: Jedi Knight
Star Wars;Star Wars: Jedi Knight (series)
Star Wars;Star Wars: Jedi Quest (comics)
Star Wars;Star Wars: Jedi Starfighter
Star Wars;Star Wars: Jedi Temple Challenge
Star Wars;Star Wars: Knight Errant
Star Wars;Star Wars: Knights of the Old Republic
Star Wars;Star Wars: Knights of the Old Republic (comics)
Star Wars;Star Wars: Knights of the Old Republic (series)
Star Wars;Star Wars: Knights of the Old Republic (video game)
Star Wars;Star Wars: Legacy
Star Wars;Star Wars: Leia, Princess of Alderaan
Star Wars;Star Wars: Lethal Alliance
Star Wars;Star Wars: Light of the Jedi
Star Wars;Star Wars: Lords of the Sith
Star Wars;Star Wars: Lost Stars
Star Wars;Star Wars: Masters of Teräs Käsi
Star Wars;Star Wars: Millennium Falcon - Smugglers Run
Star Wars;Star Wars: Millennium Falcon – Smugglers Run
Star Wars;Star Wars: Obi-Wan
Star Wars;Star Wars: Origins
Star Wars;Star Wars: Path of the Jedi
Star Wars;Star Wars: Phasma
Star Wars;Star Wars: Pit Droids
Star Wars;Star Wars: Poe Dameron
Star Wars;Star Wars: Princess Leia
Star Wars;Star Wars: Racer Arcade
Star Wars;Star Wars: Rebel Assault
Star Wars;Star Wars: Rebel Assault II: The Hidden Empire
Star Wars;Star Wars: Rebellion (comics)
Star Wars;Star Wars: Rebellion (video game)
Star Wars;Star Wars: Republic
Star Wars;Star Wars: Republic Commando
Star Wars;Star Wars: Resistance Reborn
Star Wars;Star Wars: Return of the Jedi: Ewok Adventure
Star Wars;Star Wars: Return of the Jedi (video game)
Star Wars;Star Wars: Revelations
Star Wars;Star Wars: Rise of the Resistance
Star Wars;Star Wars: Rise to Power
Star Wars;Star Wars: Rogue Squadron
Star Wars;Star Wars: Rogue Squadron (series)
Star Wars;Star Wars: Scoundrels
Star Wars;Star Wars: Shadows of the Empire
Star Wars;Star Wars: Shadows of the Empire (comic)
Star Wars;Star Wars: Shadows of the Empire (video game)
Star Wars;Star Wars: Shattered Empire
Star Wars;Star Wars: Squadrons
Star Wars;Star Wars: Starfighter
Star Wars;Star Wars: Super Bombad Racing
Star Wars;Star Wars: TIE Fighter
Star Wars;Star Wars: Tales from the Galaxy's Edge
Star Wars;Star Wars: Tarkin
Star Wars;Star Wars: The Bad Batch
Star Wars;Star Wars: The Best of PC
Star Wars;Star Wars: The Bounty Hunters
Star Wars;Star Wars: The Clone Wars: Darth Maul Returns
Star Wars;Star Wars: The Clone Wars (film)
Star Wars;Star Wars: The Clone Wars (novel)
Star Wars;Star Wars: The Clone Wars (soundtrack)
Star Wars;Star Wars: The Clone Wars – Jedi Alliance
Star Wars;Star Wars: The Clone Wars – Lightsaber Duels
Star Wars;Star Wars: The Clone Wars – Republic Heroes
Star Wars;Star Wars: The Emperor's New Clones
Star Wars;Star Wars: The Fallen Star
Star Wars;Star Wars: The Force Awakens
Star Wars;Star Wars: The Force Awakens (novel)
Star Wars;Star Wars: The Force Awakens (soundtrack)
Star Wars;Star Wars: The Force Unleashed
Star Wars;Star Wars: The Force Unleashed (project)
Star Wars;Star Wars: The Force Unleashed II
Star Wars;Star Wars: The High Republic
Star Wars;Star Wars: The High Republic Adventures
Star Wars;Star Wars: The Last Jedi
Star Wars;Star Wars: The Last Jedi (soundtrack)
Star Wars;Star Wars: The Last of the Jedi
Star Wars;Star Wars: The Legacy Revealed
Star Wars;Star Wars: The New Droid Army
Star Wars;Star Wars: The Old Republic
Star Wars;Star Wars: The Old Republic: Annihilation
Star Wars;Star Wars: The Old Republic: Fatal Alliance
Star Wars;Star Wars: The Old Republic: Revan
Star Wars;Star Wars: The Old Republic (comics)
Star Wars;Star Wars: The Old Republic – Rise of the Hutt Cartel
Star Wars;Star Wars: The Rise of Skywalker
Star Wars;Star Wars: The Rise of Skywalker (soundtrack)
Star Wars;Star Wars: The Rising Storm
Star Wars;Star Wars: The Roleplaying Game
Star Wars;Star Wars: The Vintage Collection
Star Wars;Star Wars: Thrawn
Star Wars;Star Wars: Threads of Destiny
Star Wars;Star Wars: Uprising
Star Wars;Star Wars: Visionaries
Star Wars;Star Wars: Visions
Star Wars;Star Wars: Where Science Meets Imagination
Star Wars;Star Wars: X-Wing (video game)
Star Wars;Star Wars: X-Wing (video game series)
Star Wars;Star Wars: X-Wing Alliance
Star Wars;Star Wars: X-Wing vs. TIE Fighter
Star Wars;Star Wars: X-wing (book series)
Star Wars;Star Wars: X-wing Rogue Squadron
Star Wars;Star Wars: X-wing Rogue Squadron (comics)
Star Wars;Star Wars: Yoda Stories
Star Wars;Star Wars (Main Title)
Star Wars;Star Wars (disambiguation)
Star Wars;Star Wars (film)
Star Wars;Star Wars (manga)
Star Wars;Star Wars (radio)
Star Wars;Star Wars (radio series)
Star Wars;Star Wars (soundtrack)
Star Wars;Star Wars Arcade
Star Wars;Star Wars Battle Pod
Star Wars;Star Wars Battlefront
Star Wars;Star Wars Battlefront: Elite Squadron
Star Wars;Star Wars Battlefront: Renegade Squadron
Star Wars;Star Wars Battlefront II: Inferno Squad
Star Wars;Star Wars Blips
Star Wars;Star Wars Celebration
Star Wars;Star Wars Chess
Star Wars;Star Wars Commander
Star Wars;Star Wars Customizable Card Game
Star Wars;Star Wars Day
Star Wars;Star Wars Detours
Star Wars;Star Wars Episode I: Battle for Naboo
Star Wars;Star Wars Episode I: Jedi Power Battles
Star Wars;Star Wars Episode I: Obi-Wan's Adventures
Star Wars;Star Wars Episode I: Racer
Star Wars;Star Wars Episode I: The Phantom Menace
Star Wars;Star Wars Episode II: Attack of the Clones
Star Wars;Star Wars Episode III: Revenge of the Sith
Star Wars;Star Wars Episode I (pinball)
Star Wars;Star Wars Forces of Destiny
Star Wars;Star Wars Galactic Pals
Star Wars;Star Wars Galaxies
Star Wars;Star Wars Galaxies: Jump to Lightspeed
Star Wars;Star Wars Galaxy of Adventures
Star Wars;Star Wars Galaxy of Creatures
Star Wars;Star Wars Gangsta Rap
Star Wars;Star Wars Holiday Special
Star Wars;Star Wars Hyperspace Mountain
Star Wars;Star Wars Infinities
Star Wars;Star Wars Insider
Star Wars;Star Wars Jedi: Fallen Order
Star Wars;Star Wars Jedi Knight: Dark Forces II
Star Wars;Star Wars Jedi Knight: Jedi Academy
Star Wars;Star Wars Jedi Knight: Mysteries of the Sith
Star Wars;Star Wars Jedi Knight II: Jedi Outcast
Star Wars;Star Wars Knights of the Old Republic II: The Sith Lords
Star Wars;Star Wars Launch Bay
Star Wars;Star Wars Mini Movie Awards
Star Wars;Star Wars Pez
Star Wars;Star Wars Racer Revenge
Star Wars;Star Wars Rebels
Star Wars;Star Wars Republic Commando: Hard Contact
Star Wars;Star Wars Republic Commando: Triple Zero
Star Wars;Star Wars Republic Commando: True Colors
Star Wars;Star Wars Republic Commando (series)
Star Wars;Star Wars Resistance
Star Wars;Star Wars Risk: The Clone Wars Edition
Star Wars;Star Wars Rogue Squadron II: Rogue Leader
Star Wars;Star Wars Rogue Squadron III: Rebel Strike
Star Wars;Star Wars Roleplaying Game (Fantasy Flight Games)
Star Wars;Star Wars Roleplaying Game (Wizards of the Coast)
Star Wars;Star Wars Roll Out
Star Wars;Star Wars Rollinz toys
Star Wars;Star Wars Tales
Star Wars;Star Wars Tech
Star Wars;Star Wars Theme/Cantina Band
Star Wars;Star Wars Trading Cards
Star Wars;Star Wars Transformers
Star Wars;Star Wars Trilogy: Apprentice of the Force
Star Wars;Star Wars Trilogy Arcade
Star Wars;Star Wars Uncut
Star Wars;Star Wars Weekends
Star Wars;Star Wars and History
Star Wars;Star Wars comics
Star Wars;Star Wars documentaries
Star Wars;Star Wars expanded to other media
Star Wars;Star Wars fan films
Star Wars;Star Wars fandom
Star Wars;Star Wars in other media
Star Wars;Star Wars opening crawl
Star Wars;Star Wars original trilogy
Star Wars;Star Wars prequel trilogy
Star Wars;Star Wars role-playing games
Star Wars;Star Wars sequel trilogy
Star Wars;Star Wars sources and analogues
Star Wars;Star Wars trading card
Star Wars;Star Wars video games
Star Wars;Star by Star
Star Wars;Star vs. the Forces of Evil
Star Wars;Starkiller
Star Wars;Steve Binder
Star Wars;Steve Perry (author)
Star Wars;Steven Spielberg
Star Wars;Stickle Bricks
Star Wars;Stormtrooper (Star Wars)
Star Wars;Stormtroopers (Imperial Germany)
Star Wars;Strange Magic (film)
Star Wars;Strategic Defense Initiative
Star Wars;Stratego
Star Wars;Strawberry Shortcake
Star Wars;Stretch Armstrong
Star Wars;Super Nintendo Entertainment System
Star Wars;Super Soaker
Star Wars;Super Star Wars
Star Wars;Super Star Wars: Return of the Jedi
Star Wars;Super Star Wars: The Empire Strikes Back
Star Wars;Superpower (ability)
Star Wars;Supreme Leader Snoke
Star Wars;Survivor's Quest
Star Wars;TFcon
Star Wars;THX
Star Wars;TIE Fighter (film)
Star Wars;TIE fighter
Star Wars;Taboo (game)
Star Wars;Tag and Bink
Star Wars;Taika Waititi
Star Wars;Tales of the Jedi
Star Wars;Tales of the Jedi: Dark Lords of the Sith
Star Wars;Talon Karrde
Star Wars;Tangled (franchise)
Star Wars;Tantive IV
Star Wars;Tap Tap (series)
Star Wars;Tarzan (franchise)
Star Wars;Tatooine
Star Wars;Tatooine Ghost
Star Wars;Taxi Driver
Star Wars;Technology in Star Wars
Star Wars;Telecommunication
Star Wars;Telepathy
Star Wars;TheForce.Net
Star Wars;TheGuardian.com
Star Wars;TheWrap
Star Wars;The A.V. Club
Star Wars;The Acolyte (TV series)
Star Wars;The Adventures of Lando Calrissian
Star Wars;The Approaching Storm
Star Wars;The Armorer
Star Wars;The Art of Star Wars
Star Wars;The Birth of a Nation
Star Wars;The Black Fleet Crisis
Star Wars;The Book of Boba Fett
Star Wars;The Call to Vengeance
Star Wars;The Captive Temple
Star Wars;The Cestus Deception
Star Wars;The Cheetah Girls (franchise)
Star Wars;The Chronicles of Narnia (film series)
Star Wars;The Client (Star Wars)
Star Wars;The Clone Wars Legacy
Star Wars;The Comic Reader
Star Wars;The Courtship of Princess Leia
Star Wars;The Crystal Star
Star Wars;The Daily Beast
Star Wars;The Dangerous Rescue
Star Wars;The Dark Nest trilogy
Star Wars;The Dark Redemption
Star Wars;The Dark Rival
Star Wars;The Day of Reckoning (novel)
Star Wars;The Deadly Hunter
Star Wars;The Death of Hope
Star Wars;The Defenders of the Dead
Star Wars;The Emperor's New Groove (franchise)
Star Wars;The Emperor (film)
Star Wars;The Empire Strikes Back
Star Wars;The Empire Strikes Back (novel)
Star Wars;The Empire Strikes Back (soundtrack)
Star Wars;The Evil Experiment
Star Wars;The Ewok Adventure
Star Wars;The Fight for Truth
Star Wars;The Final Prophecy
Star Wars;The Fly (film series)
Star Wars;The Force
Star Wars;The Force Awakens from Its Nap
Star Wars;The Game of Cootie
Star Wars;The Game of Life
Star Wars;The Gathering (Star Wars: The Clone Wars)
Star Wars;The Glove of Darth Vader
Star Wars;The Godfather
Star Wars;The Great Movies
Star Wars;The Guardian
Star Wars;The Han Solo Adventures
Star Wars;The Han Solo Trilogy
Star Wars;The Hidden Enemy
Star Wars;The Hidden Past
Star Wars;The Hive (novella)
Star Wars;The Hollywood Reporter
Star Wars;The Huffington Post
Star Wars;The Hunchback of Notre Dame (franchise)
Star Wars;The Imperial March
Star Wars;The Incredible Machine
Star Wars;The Incredibles (franchise)
Star Wars;The Jedi Hunter
Star Wars;The Jungle Book (franchise)
Star Wars;The Kingdom Keepers
Star Wars;The Land Before Time (film)
Star Wars;The Lando Calrissian Adventures
Star Wars;The Last Jedi
Star Wars;The Lion King (franchise)
Star Wars;The Little Mermaid (franchise)
Star Wars;The Lord of the Rings (film series)
Star Wars;The Lost City of the Jedi
Star Wars;The LucasArts Archives
Star Wars;The MIT Press
Star Wars;The Magic Hockey Skates
Star Wars;The Making of Star Wars
Star Wars;The Mandalorian
Star Wars;The Mandalorian (character)
Star Wars;The Mark of the Crown
Star Wars;The Mighty Ducks
Star Wars;The Muppets
Star Wars;The New Jedi Order
Star Wars;The New Rebellion
Star Wars;The New York Times Best Seller list
Star Wars;The New Yorker
Star Wars;The Nightmare Before Christmas
Star Wars;The Official Star Wars Fan Film Awards
Star Wars;The Omen (franchise)
Star Wars;The Only Witness
Star Wars;The Parent Trap (franchise)
Star Wars;The People vs. George Lucas
Star Wars;The Phantom Edit
Star Wars;The Prequels Strike Back: A Fan's Journey
Star Wars;The Register-Guard
Star Wars;The Rising Force
Star Wars;The Saga Begins
Star Wars;The Santa Clause (franchise)
Star Wars;The Science of Star Wars (book)
Star Wars;The Seattle Times
Star Wars;The Seventh Tower
Star Wars;The Shaggy Dog (franchise)
Star Wars;The Shattered Peace
Star Wars;The Simpsons (franchise)
Star Wars;The Sith Lords Restored Content Modification
Star Wars;The Star Wars (comics)
Star Wars;The Star Wars Corporation
Star Wars;The Star Wars Holiday Special
Star Wars;The Story of Star Wars
Star Wars;The Terminator
Star Wars;The Threat Within
Star Wars;The Ties That Bind (Star Wars)
Star Wars;The Truce at Bakura
Star Wars;The Uncertain Path
Star Wars;The Unifying Force
Star Wars;The Verge
Star Wars;The Walking Dead (franchise)
Star Wars;The Walt Disney Company
Star Wars;The Washington Post
Star Wars;The X-Files (franchise)
Star Wars;The Young Indiana Jones Chronicles
Star Wars;Thrawn: Alliances
Star Wars;Thrawn: Treason
Star Wars;Thrawn Ascendancy
Star Wars;Thrawn trilogy
Star Wars;Thumb Wars
Star Wars;Tiger Electronics
Star Wars;Time (magazine)
Star Wars;Time Magazine
Star Wars;Time Warner
Star Wars;Timothy Zahn
Star Wars;Tinker Bell (film series)
Star Wars;Tinkertoy
Star Wars;Titan A.E.
Star Wars;Tobias Beckett
Star Wars;Tokyo Disneyland
Star Wars;Tokyopop
Star Wars;Tom's Hardware
Star Wars;Tom Shone
Star Wars;Tonka
Star Wars;Tony Gilroy
Star Wars;Topps
Star Wars;Tor.com
Star Wars;Totalitarian
Star Wars;Totenkopf
Star Wars;Touchstone Pictures
Star Wars;Toy Story (franchise)
Star Wars;Trade Federation
Star Wars;Trading card
Star Wars;Traitor (Star Wars novel)
Star Wars;Transformers (toy line)
Star Wars;Treehouse Detectives
Star Wars;Trivial Pursuit
Star Wars;Trolls (film)
Star Wars;Tron (franchise)
Star Wars;Trooper Clerks
Star Wars;Troops (film)
Star Wars;Trouble (board game)
Star Wars;Tucker: The Man and His Dream
Star Wars;Tuque Games
Star Wars;Turner & Hooch (franchise)
Star Wars;Tusken Raiders
Star Wars;Twenty-second Amendment to the United States Constitution
Star Wars;Twin Suns
Star Wars;Twister (game)
Star Wars;Twitter
Star Wars;U-wing
Star Wars;USA Today
Star Wars;Uglydoll
Star Wars;Union (Star Wars)
Star Wars;University of Southern California
Star Wars;Untitled fifth Indiana Jones film
Star Wars;Upwords
Star Wars;VR Troopers
Star Wars;Vader's Quest
Star Wars;Vader Episode I: Shards of the Past
Star Wars;Vader Immortal: A Star Wars VR Series
Star Wars;Vanity Fair (magazine)
Star Wars;Variety (magazine)
Star Wars;Vector Prime
Star Wars;Vector graphics
Star Wars;Vette (Star Wars)
Star Wars;Vice-Admiral Holdo
Star Wars;Vietnam-American War
Star Wars;Vinylmation
Star Wars;Visionaries: Knights of the Magical Light
Star Wars;Vox (website)
Star Wars;Walker (Star Wars)
Star Wars;Walt Disney Animation Studios
Star Wars;Walt Disney Pictures
Star Wars;Walt Disney Studios (division)
Star Wars;Walt Disney Television
Star Wars;Walt Disney World
Star Wars;Watto
Star Wars;Wayback Machine
Star Wars;Wedge Antilles
Star Wars;Weeble
Star Wars;Where's My Water?
Star Wars;Who Framed Roger Rabbit (franchise)
Star Wars;Wicket W. Warrick
Star Wars;Willow (TV series)
Star Wars;Willow (film)
Star Wars;Willow (franchise)
Star Wars;Winnie the Pooh (franchise)
Star Wars;Winston Steinburger and Sir Dudley Ding Dong
Star Wars;Wired (magazine)
Star Wars;Witch Mountain (franchise)
Star Wars;Wizards of the Coast
Star Wars;Woody Harrelson
Star Wars;Wookiee
Star Wars;Wookieepedia
Star Wars;World War I
Star Wars;World War II
Star Wars;Wreck-It Ralph (franchise)
Star Wars;X-Men (film series)
Star Wars;X-Men in television
Star Wars;X-Wing: Rogue Leader
Star Wars;X-wing fighter
Star Wars;Y-wing
Star Wars;Yahoo!
Star Wars;Yahtzee
Star Wars;Yavin
Star Wars;Ylesia
Star Wars;Yo-kai Watch
Star Wars;Yoda
Star Wars;Yoda: Dark Rendezvous
Star Wars;Yoda conditions
Star Wars;YouTube
Star Wars;Young Jedi Knights
Star Wars;Zoids
Star Wars;Zorba the Hutt's Revenge
Star Wars;Zynga
